{"name":"とらっく","color":"#FFD700","procedure":{"1":{"description":"横に半分に折り目をつける。","fixBoards":[[[20,20,0],[20,0,0],[-20,0,0],[-20,20,0]]],"moveBoards":[[[20,0,0],[20,-20,0],[-20,-20,0],[-20,0,0]]],"rotateAxis":[[-20,0,0],[20,0,0]]},"2":{"description":"縦に半分に折り目をつける。","fixBoards":[[[20,20,0],[20,-20,0],[0,-20,0],[0,20,0]]],"moveBoards":[[[0,20,0],[0,-20,0],[-20,-20,0],[-20,20,0]]],"rotateAxis":[[0,20,0],[0,-20,0]]},"3":{"description":"下側を真ん中の線まで折る。","fixBoards":[[[20,20,0],[20,-13.333333333333334,0],[-20,-13.333333333333334,0],[-20,20,0]]],"moveBoards":[[[20,-13.333333333333334,0],[20,-20,0],[-20,-20,0],[-20,-13.333333333333334,0]]],"rotateAxis":[[-20,-13.333333333333334,0],[20,-13.333333333333334,0]]},"4":{"description":"端っこをちょっと折る。","fixBoards":[[[20,20,0],[20,-13.333333333333334,0],[-20,-13.333333333333334,0],[-20,20,0]],[[4,-6.666666666666667,0.001],[-20,-6.666666666666667,0.001],[-20,-13.333333333333334,0.001],[20,-13.333333333333334,0.001]]],"moveBoards":[[[20,-6.666666666666667,0.001],[4,-6.666666666666667,0.001],[20,-13.333333333333334,0.001]]],"rotateAxis":[[20,-13.333333333333334,0.001],[4,-6.666666666666667,0.001]]},"5":{"description":"端っこをちょっと折る。","fixBoards":[[[20,20,0],[20,-13.333333333333334,0],[-20,-13.333333333333334,0],[-20,20,0]],[[4,-6.666666666666667,0.001],[-4,-6.666666666666667,0.001],[-20,-13.333333333333334,0.001],[20,-13.333333333333334,0.001]],[[20,-13.333333333333334,0.002],[15.266272189349113,-18.0276134122288,0.002],[4,-6.666666666666667,0.002]]],"moveBoards":[[[-4,-6.666666666666667,0.001],[-20,-6.666666666666667,0.001],[-20,-13.333333333333334,0.001]]],"rotateAxis":[[-4,-6.666666666666667,0.001],[-20,-13.333333333333334,0.001]]},"6":{"description":"上部分を山折りする。","fixBoards":[[[20,6.666666666666667,0],[20,-13.333333333333334,0],[-20,-13.333333333333334,0],[-20,6.666666666666667,0]],[[4,-6.666666666666667,0.001],[-4,-6.666666666666667,0.001],[-20,-13.333333333333334,0.001],[20,-13.333333333333334,0.001]],[[20,-13.333333333333334,0.002],[15.266272189349113,-18.0276134122288,0.002],[4,-6.666666666666667,0.002]],[[-20,-13.333333333333334,0.002],[-4,-6.666666666666667,0.002],[-15.266272189349113,-18.0276134122288,0.002]]],"moveBoards":[[[20,20,0],[20,6.666666666666667,0],[-20,6.666666666666667,0],[-20,20,0]]],"rotateAxis":[[-20,6.666666666666667,0],[20,6.666666666666667,0]]},"7":{"description":"端っこをちょっとめくる。","fixBoards":[[[20,6.666666666666667,0],[20,-13.333333333333334,0],[-20,-13.333333333333334,0],[-20,6.666666666666667,0]],[[4,-6.666666666666667,0.001],[-4,-6.666666666666667,0.001],[-20,-13.333333333333334,0.001],[20,-13.333333333333334,0.001]],[[20,-13.333333333333334,0.002],[15.266272189349113,-18.0276134122288,0.002],[4,-6.666666666666667,0.002]],[[-20,-13.333333333333334,0.002],[-4,-6.666666666666667,0.002],[-15.266272189349113,-18.0276134122288,0.002]],[[20,6.666666666666667,-0.001],[-20,6.666666666666667,-0.001],[-6.666666666666667,-6.666666666666667,-0.001],[20,-6.666666666666667,-0.001]]],"moveBoards":[[[-20,6.666666666666667,-0.001],[-20,-6.666666666666667,-0.001],[-6.666666666666667,-6.666666666666667,-0.001]]],"rotateAxis":[[-6.666666666666667,-6.666666666666667,-0.001],[-20,6.666666666666667,-0.001]]},"8":{"description":"端っこちょっと折る。","fixBoards":[[[20,6.666666666666667,0],[20,-13.333333333333334,0],[-20,-13.333333333333334,0],[-20,-3.3333333333333335,0],[-10,6.666666666666667,0]],[[4,-6.666666666666667,0.001],[-4,-6.666666666666667,0.001],[-20,-13.333333333333334,0.001],[20,-13.333333333333334,0.001]],[[20,-13.333333333333334,0.002],[15.266272189349113,-18.0276134122288,0.002],[4,-6.666666666666667,0.002]],[[-20,-13.333333333333334,0.002],[-4,-6.666666666666667,0.002],[-15.266272189349113,-18.0276134122288,0.002]],[[-10,6.666666666666667,-0.001],[-15,1.3333333333333333,-0.001],[-6.666666666666667,-6.666666666666667,-0.001],[20,-6.666666666666667,-0.001],[20,6.666666666666667,-0.001]],[[-6.666666666666667,6.666666666666667,-0.002],[-6.666666666666667,-6.666666666666667,-0.002],[-15,1.3333333333333333,-0.002],[-10,6.666666666666667,-0.002]]],"moveBoards":[[[-10,6.666666666666667,0],[-20,-3.3333333333333335,0],[-20,6.666666666666667,0]],[[-15,1.3333333333333333,-0.001],[-10,6.666666666666667,-0.001],[-20,6.666666666666667,-0.001]],[[-20,6.666666666666667,-0.002],[-10,6.666666666666667,-0.002],[-15,1.3333333333333333,-0.002]]],"rotateAxis":[[-20,-3.3333333333333335,-0.002],[-10,6.666666666666667,-0.002]]}},"id":"0f1bbba5-f9c2-40ff-afb5-10b002e4cc49","searchKeyword":["とらっく"],"imageUrl":"https://pub-2a912ed59cc94e139be4a2d207f42e8f.r2.dev/origami/images/0f1bbba5-f9c2-40ff-afb5-10b002e4cc49.png"}