{
  "name": "ヨット",
  "procedure": {
    "1": {
      "fixBoards": [
        [
          [20, 20, 0],
          [20, -20, 0],
          [-20, -20, 0]
        ]
      ],
      "moveBoards": [
        [
          [20, 20, 0],
          [-20, -20, 0],
          [-20, 20, 0]
        ]
      ],
      "rotateAxis": [
        [20, 20, 0],
        [-20, -20, 0]
      ]
    },
    "2": {
      "fixBoards": [
        [
          [20, 20, 0],
          [20, -20, 0],
          [-20, -20, 0]
        ],
        [
          [20, 20, 0.001],
          [-20, -20, 0.001],
          [3.431457505076194, -20, 0.001]
        ]
      ],
      "moveBoards": [
        [
          [20, 20, 0.001],
          [3.431457505076194, -20, 0.001],
          [20, -20, 0.001]
        ]
      ],
      "rotateAxis": [
        [3.431457505076194, -20, 0.001],
        [20, 20, 0.001]
      ]
    },
    "3": {
      "fixBoards": [
        [
          [20, 20, 0],
          [20, -17, 0],
          [-8.284271247461902, -8.284271247461902, 0]
        ],
        [
          [20, 20, 0.001],
          [-8.284271247461902, -8.284271247461902, 0.001],
          [6.4088566732975, -12.8119225474817, 0.001]
        ],
        [
          [20, 20, 0.002],
          [6.4088566732975, -12.8119225474817, 0.002],
          [-8.284271247461902, -8.284271247461902, 0.002]
        ]
      ],
      "moveBoards": [
        [
          [20, -17, 0],
          [20, -20, 0],
          [-20, -20, 0],
          [-8.284271247461902, -8.284271247461902, 0]
        ],
        [
          [6.4088566732975, -12.8119225474817, 0.001],
          [-8.284271247461902, -8.284271247461902, 0.001],
          [-20, -20, 0.001],
          [3.431457505076194, -20, 0.001]
        ],
        [
          [6.4088566732975, -12.8119225474817, 0.002],
          [3.431457505076194, -20, 0.002],
          [-8.284271247461902, -8.284271247461902, 0.002]
        ]
      ],
      "rotateAxis": [
        [-8.284271247461902, -8.284271247461902, 0.002],
        [6.4088566732975, -12.8119225474817, 0.002]
      ]
    }
  }
}
